2015-06-26-08-09-43,tags,lms_front_01,lms_front_02,lms_front_03,lms_front_04,lms_front_05,lms_front_06,gps
2015-07-03-15-23-28,tags,lms_front_01,lms_front_02,lms_front_03,lms_front_04,lms_front_05,lms_front_06,lms_front_07,gps
2015-07-08-13-37-17,tags,lms_front_01,lms_front_02,lms_front_03,lms_front_04,lms_front_05,lms_front_06,lms_front_07,gps
2015-07-10-10-01-59,tags,lms_front_01,lms_front_02,lms_front_03,lms_front_04,lms_front_05,lms_front_06,gps
2015-07-14-16-17-39,tags,lms_front_01,lms_front_02,lms_front_03,lms_front_04,lms_front_05,lms_front_06,lms_front_07,lms_front_08,lms_front_09,gps
2015-08-12-15-04-18,tags,lms_front_01,lms_front_02,lms_front_03,lms_front_04,lms_front_05,lms_front_06,gps
2015-08-13-16-02-58,tags,lms_front_01,lms_front_02,lms_front_03,lms_front_04,lms_front_05,lms_front_06,lms_front_07,lms_front_08,gps
2015-08-14-14-54-57,tags,lms_front_01,lms_front_02,lms_front_03,lms_front_04,lms_front_05,lms_front_06,lms_front_07,gps
2015-08-17-10-26-38,tags,lms_front_01,lms_front_02,gps
2015-08-17-10-42-18,tags,lms_front_01,lms_front_02,lms_front_03,lms_front_04,lms_front_05,lms_front_06,gps
2015-08-17-13-30-19,tags,lms_front_01,lms_front_02,lms_front_03,lms_front_04,gps
2015-08-20-12-00-47,tags,lms_front_01,lms_front_02,lms_front_03,lms_front_04,gps
2015-08-28-09-50-22,tags,lms_front_01,lms_front_02,lms_front_03,lms_front_04,lms_front_05,lms_front_06,gps
2015-10-30-13-52-14,tags,lms_front_01,lms_front_02,lms_front_03,lms_front_04,lms_front_05,lms_front_06,lms_front_07,lms_front_08,lms_front_09,gps
2015-11-10-10-32-52,tags,lms_front_01,lms_front_02,lms_front_03,lms_front_04,lms_front_05,gps
2015-11-10-11-55-47,tags,lms_front_01,lms_front_02,lms_front_03,lms_front_04,gps
2015-11-10-14-15-57,tags,lms_front_01,lms_front_02,lms_front_03,lms_front_04,lms_front_05,lms_front_06,gps
2015-11-12-11-22-05,tags,lms_front_01,lms_front_02,lms_front_03,lms_front_04,lms_front_05,lms_front_06,gps
2015-11-13-10-28-08,tags,lms_front_01,lms_front_02,lms_front_03,lms_front_04,lms_front_05,lms_front_06,lms_front_07,lms_front_08,gps
